"","id","Age","BMI","A1C","FBG","ogtt.2hr","insulin","hs.CRP","Tchol","Trg","HDL","LDL","mean_glucose","sd_glucose","range_glucose","min_glucose","max_glucose","quartile.25_glucose","median_glucose","quartile.75_glucose","mean_slope","max_slope","number_Random140","number_Random200","percent_below.80","percent_above.130","se_glucose_mean","numGE","mage","j_index","IQR","modd","distance_traveled","coef_variation","number_Random140_normByDays","number_Random200_normByDays","numGE_normByDays","distance_traveled_normByDays","diagnosis","freq_low","freq_moderate","freq_severe","glucotype","Height","Weight","Insulin_rate_dd","perc_cgm_prediabetic_range","perc_cgm_diabetic_range","SSPG"
"48","2133-028",25,24.9,5,89,63,3,0.2,172,68,67,91,78.66,12.04,135,41,176,71,77,86,8.41,160,0,0,58.0862374483166,0.271707028942705,0.13,135,24.6592592592593,0.0906990663503646,15,8.33333333333333,7908.5652173913,0.15,0,0,4.21875,247.142663043478,"non-diabetic",0.915966,0.0840336,0,"low",186.4,86.7,0.02642,0.00129947,0,NA
"28","2133-006",29,20,5.3,80,67,6,0.2,84,26,60,19,87.1,14.78,98,54,152,77,84,96,10.42,245,0,0,32.946758039009,0.975224037954665,0.24,83,30.7228915662651,0.101874178369918,19,9.61538461538461,5156.6847826087,0.17,0,0,5.92857142857143,368.334627329193,"non-diabetic",0.571429,0.365546,0.0630252,"low",172,58.2,0.03917,0.00263574,0,61
"24","2133-001",27,26.4,5.2,86,101,7,1.1,216,134,53,136,87.58,19.3,139,47,186,75,83,95,9.47,375,0,0,38.5356454720617,3.88109000825764,0.32,34,19.3,0.10688103046758,20,14.0909090909091,3857.80434782609,0.22,0,0,2.42857142857143,275.557453416149,"non-diabetic",0.722689,0.168067,0.109244,"low",168,74.5,0.06025,0.0244977,0,110
"41","2133-021",56,27.87,6,119,187,5,0.5,177,126,47,105,130.33,30.32,174,62,236,108,127,146,13.15,295,10,10,1.90452006094464,44.2864398171661,0.48,55,30.32,0.160646570059647,38,15.8461538461538,8151.65217391304,0.23,0.666666666666667,0.666666666666667,3.66666666666667,543.443478260869,"pre-diabetic",0.0252101,0.109244,0.865546,"severe",180.5,88.9,0.05383,0.290249,0.0274251,130
"27","2133-004",54,28.09,6,145,NA,11,1.6,148,130,39,83,119.72,28.21,211,56,267,99,118,134,10.86,115,7,7,2.96617833242901,29.4809187918249,0.38,65,28.21,0.147934134856214,35,15.1666666666667,8845.34782608696,0.24,0.333333333333333,0.333333333333333,3.0952380952381,421.207039337474,"diabetic",0.0588235,0.117647,0.823529,"severe",NA,NA,NA,0.155905,0.017363,173
